{
  "format": "web-program-pre1",
  "manifest": [
    {
      "path": "fd5a5eee189c92a356f26e3204add719fb55a96c.js",
      "where": "client",
      "type": "js",
      "cacheable": true,
      "url": "/fd5a5eee189c92a356f26e3204add719fb55a96c.js",
      "size": 381335,
      "hash": "fd5a5eee189c92a356f26e3204add719fb55a96c"
    },
    {
      "path": "31de1545c6662922108d14b29e897b3d6dcfe2a0.css",
      "where": "client",
      "type": "css",
      "cacheable": true,
      "url": "/31de1545c6662922108d14b29e897b3d6dcfe2a0.css?meteor_css_resource=true",
      "size": 118034,
      "hash": "31de1545c6662922108d14b29e897b3d6dcfe2a0"
    },
    {
      "path": "packages/twbs_bootstrap/dist/fonts/glyphicons-halflings-regular.eot",
      "where": "client",
      "type": "asset",
      "cacheable": false,
      "url": "/packages/twbs_bootstrap/dist/fonts/glyphicons-halflings-regular.eot",
      "size": 20127,
      "hash": "86b6f62b7853e67d3e635f6512a5a5efc58ea3c3"
    },
    {
      "path": "packages/twbs_bootstrap/dist/fonts/glyphicons-halflings-regular.svg",
      "where": "client",
      "type": "asset",
      "cacheable": false,
      "url": "/packages/twbs_bootstrap/dist/fonts/glyphicons-halflings-regular.svg",
      "size": 108738,
      "hash": "de51a8494180a6db074af2dee2383f0a363c5b08"
    },
    {
      "path": "packages/twbs_bootstrap/dist/fonts/glyphicons-halflings-regular.ttf",
      "where": "client",
      "type": "asset",
      "cacheable": false,
      "url": "/packages/twbs_bootstrap/dist/fonts/glyphicons-halflings-regular.ttf",
      "size": 45404,
      "hash": "44bc1850f570972267b169ae18f1cb06b611ffa2"
    },
    {
      "path": "packages/twbs_bootstrap/dist/fonts/glyphicons-halflings-regular.woff",
      "where": "client",
      "type": "asset",
      "cacheable": false,
      "url": "/packages/twbs_bootstrap/dist/fonts/glyphicons-halflings-regular.woff",
      "size": 23424,
      "hash": "278e49a86e634da6f2a02f3b47dd9d2a8f26210f"
    },
    {
      "path": "packages/twbs_bootstrap/dist/fonts/glyphicons-halflings-regular.woff2",
      "where": "client",
      "type": "asset",
      "cacheable": false,
      "url": "/packages/twbs_bootstrap/dist/fonts/glyphicons-halflings-regular.woff2",
      "size": 18028,
      "hash": "ca35b697d99cae4d1b60f2d60fcd37771987eb07"
    },
    {
      "path": "head.html",
      "where": "internal",
      "type": "head",
      "hash": "6b7eae881f86e38e1ab1439b06f5c8ad448f9e1d"
    }
  ]
}