{
  "format": "site-archive-pre1",
  "builtBy": "Meteor METEOR@1.1.0.2",
  "programs": [
    {
      "name": "web.browser",
      "arch": "web.browser",
      "path": "programs/web.browser/program.json",
      "nodePath": []
    },
    {
      "name": "web.cordova",
      "arch": "web.cordova",
      "path": "programs/web.cordova/program.json",
      "nodePath": [],
      "cordovaDependencies": {
        "org.apache.cordova.console": "0.2.13",
        "org.apache.cordova.file": "1.3.3",
        "org.apache.cordova.file-transfer": "0.5.0",
        "org.apache.cordova.device": "0.2.13",
        "com.meteor.cordova-update": "https://github.com/meteor/com.meteor.cordova-update/tarball/92fe99b7248075318f6446b288995d4381d24cd2",
        "org.apache.cordova.statusbar": "0.1.10",
        "org.apache.cordova.splashscreen": "1.0.0"
      }
    },
    {
      "name": "server",
      "arch": "os.osx.x86_64",
      "path": "programs/server/boot.js",
      "nodePath": []
    }
  ],
  "meteorRelease": "METEOR@1.1.0.2"
}