{
  // Server authentication info
  "servers": [{
    "host": "host1.meteorinaction.com",
    "username": "stephan",
    //"password": "password"
    // or pem file (ssh based authentication)
    "pem": "~/.ssh/id_rsa"
  }, {
    "host": "host2.meteorinaction.com",
    "username": "stephan",
    "pem": "~/.ssh/id_rsa"
  }],

  // Install MongoDB in the server, does not destroy local MongoDB on future setup
  "setupMongo": true,

  // WARNING: Node.js is required! Only skip if you already have Node.js installed on server.
  "setupNode": true,

  // WARNING: If nodeVersion omitted will setup 0.10.36 by default. Do not use v, only version number.
  "nodeVersion": "0.10.36",

  // Install PhantomJS in the server
  "setupPhantom": true,

  // Application name (No spaces)
  "appName": "meteorinaction",

  // Location of app (local directory)
  "app": "/Users/stephan/github/meteorinaction/ch12-goingintoproduction/app",

  // Configure environment
  "env": {
    "ROOT_URL": "http://www.meteorinaction.com",
    "PORT": "3000",
    "MONGO_URL": "mongodb://user:password@192.168.2.210/meteor",
    "MONGO_OPLOG_URL": "mongodb://oploguser:password@192.168.2.210/local?authSource=admin"
  },

  // Meteor Up checks if the app comes online just after the deployment
  // before mup checks that, it will wait for no. of seconds configured below
  "deployCheckWaitTime": 15
}